{
  "frames": {
    "ammo": {
      "frame": {
        "x": 3,
        "y": 3,
        "w": 518,
        "h": 666
      },
      "rotated": false,
      "trimmed": true,
      "spriteSourceSize": {
        "x": 1,
        "y": 1,
        "w": 518,
        "h": 666
      },
      "sourceSize": {
        "w": 519,
        "h": 667
      },
      "pivot": {
        "x": 0.5,
        "y": 0.5
      }
    }
  },
  "meta": {
    "app": "http://free-tex-packer.com",
    "version": "0.6.6",
    "image": "ammo.png",
    "format": "RGBA8888",
    "size": {
      "w": 524,
      "h": 672
    },
    "scale": 1
  }
}