{
  "frames": {
    "BodyWithGun": {
      "frame": {
        "x": 3,
        "y": 3,
        "w": 93,
        "h": 52
      },
      "rotated": false,
      "trimmed": true,
      "spriteSourceSize": {
        "x": 2,
        "y": 11,
        "w": 93,
        "h": 52
      },
      "sourceSize": {
        "w": 104,
        "h": 70
      },
      "pivot": {
        "x": 0.5,
        "y": 0.5
      }
    },
    "BodyWithRocketLauncher": {
      "frame": {
        "x": 3,
        "y": 61,
        "w": 78,
        "h": 50
      },
      "rotated": false,
      "trimmed": true,
      "spriteSourceSize": {
        "x": 4,
        "y": 2,
        "w": 78,
        "h": 50
      },
      "sourceSize": {
        "w": 87,
        "h": 54
      },
      "pivot": {
        "x": 0.5,
        "y": 0.5
      }
    },
    "BodyWithFlamer": {
      "frame": {
        "x": 87,
        "y": 61,
        "w": 71,
        "h": 45
      },
      "rotated": false,
      "trimmed": true,
      "spriteSourceSize": {
        "x": 3,
        "y": 6,
        "w": 71,
        "h": 45
      },
      "sourceSize": {
        "w": 74,
        "h": 54
      },
      "pivot": {
        "x": 0.5,
        "y": 0.5
      }
    },
    "BodyWithM4": {
      "frame": {
        "x": 102,
        "y": 3,
        "w": 70,
        "h": 38
      },
      "rotated": false,
      "trimmed": true,
      "spriteSourceSize": {
        "x": 3,
        "y": 7,
        "w": 70,
        "h": 38
      },
      "sourceSize": {
        "w": 73,
        "h": 49
      },
      "pivot": {
        "x": 0.5,
        "y": 0.5
      }
    },
    "ArmWithGun": {
      "frame": {
        "x": 87,
        "y": 112,
        "w": 60,
        "h": 17
      },
      "rotated": false,
      "trimmed": true,
      "spriteSourceSize": {
        "x": 0,
        "y": 0,
        "w": 60,
        "h": 17
      },
      "sourceSize": {
        "w": 64,
        "h": 22
      },
      "pivot": {
        "x": 0.5,
        "y": 0.5
      }
    },
    "GunFlame": {
      "frame": {
        "x": 153,
        "y": 112,
        "w": 19,
        "h": 11
      },
      "rotated": false,
      "trimmed": true,
      "spriteSourceSize": {
        "x": 4,
        "y": 3,
        "w": 19,
        "h": 11
      },
      "sourceSize": {
        "w": 23,
        "h": 16
      },
      "pivot": {
        "x": 0.5,
        "y": 0.5
      }
    }
  },
  "meta": {
    "app": "http://free-tex-packer.com",
    "version": "0.6.5",
    "image": "bodyguns.png",
    "format": "RGBA8888",
    "size": {
      "w": 175,
      "h": 132
    },
    "scale": 1
  }
}