{
  "frames": {
    "bullet": {
      "frame": {
        "x": 3,
        "y": 3,
        "w": 64,
        "h": 15
      },
      "rotated": false,
      "trimmed": false,
      "spriteSourceSize": {
        "x": 0,
        "y": 0,
        "w": 64,
        "h": 15
      },
      "sourceSize": {
        "w": 64,
        "h": 15
      },
      "pivot": {
        "x": 0.5,
        "y": 0.5
      }
    }
  },
  "meta": {
    "app": "http://free-tex-packer.com",
    "version": "0.6.6",
    "image": "bullet.png",
    "format": "RGBA8888",
    "size": {
      "w": 70,
      "h": 21
    },
    "scale": 1
  }
}