{
  "frames": {
    "Linerunner": {
      "frame": {
        "x": 3,
        "y": 3,
        "w": 218,
        "h": 81
      },
      "rotated": false,
      "trimmed": true,
      "spriteSourceSize": {
        "x": 8,
        "y": 2,
        "w": 218,
        "h": 81
      },
      "sourceSize": {
        "w": 232,
        "h": 88
      },
      "pivot": {
        "x": 0.5,
        "y": 0.5
      }
    },
    "Mule": {
      "frame": {
        "x": 3,
        "y": 90,
        "w": 184,
        "h": 77
      },
      "rotated": false,
      "trimmed": true,
      "spriteSourceSize": {
        "x": 8,
        "y": 7,
        "w": 184,
        "h": 77
      },
      "sourceSize": {
        "w": 198,
        "h": 88
      },
      "pivot": {
        "x": 0.5,
        "y": 0.5
      }
    },
    "Limousine": {
      "frame": {
        "x": 3,
        "y": 173,
        "w": 55,
        "h": 192
      },
      "rotated": false,
      "trimmed": true,
      "spriteSourceSize": {
        "x": 0,
        "y": 2,
        "w": 55,
        "h": 192
      },
      "sourceSize": {
        "w": 55,
        "h": 200
      },
      "pivot": {
        "x": 0.5,
        "y": 0.5
      }
    },
    "Rumpo": {
      "frame": {
        "x": 64,
        "y": 173,
        "w": 141,
        "h": 66
      },
      "rotated": false,
      "trimmed": true,
      "spriteSourceSize": {
        "x": 4,
        "y": 0,
        "w": 141,
        "h": 66
      },
      "sourceSize": {
        "w": 151,
        "h": 66
      },
      "pivot": {
        "x": 0.5,
        "y": 0.5
      }
    },
    "Yardie": {
      "frame": {
        "x": 64,
        "y": 245,
        "w": 144,
        "h": 60
      },
      "rotated": false,
      "trimmed": true,
      "spriteSourceSize": {
        "x": 0,
        "y": 0,
        "w": 144,
        "h": 60
      },
      "sourceSize": {
        "w": 146,
        "h": 66
      },
      "pivot": {
        "x": 0.5,
        "y": 0.5
      }
    },
    "Cruiser": {
      "frame": {
        "x": 193,
        "y": 90,
        "w": 136,
        "h": 63
      },
      "rotated": false,
      "trimmed": true,
      "spriteSourceSize": {
        "x": 11,
        "y": 4,
        "w": 136,
        "h": 63
      },
      "sourceSize": {
        "w": 160,
        "h": 80
      },
      "pivot": {
        "x": 0.5,
        "y": 0.5
      }
    },
    "MrWhoopee": {
      "frame": {
        "x": 227,
        "y": 3,
        "w": 121,
        "h": 71
      },
      "rotated": false,
      "trimmed": true,
      "spriteSourceSize": {
        "x": 4,
        "y": 0,
        "w": 121,
        "h": 71
      },
      "sourceSize": {
        "w": 128,
        "h": 71
      },
      "pivot": {
        "x": 0.5,
        "y": 0.5
      }
    },
    "Patriot": {
      "frame": {
        "x": 211,
        "y": 159,
        "w": 126,
        "h": 68
      },
      "rotated": false,
      "trimmed": true,
      "spriteSourceSize": {
        "x": 3,
        "y": 10,
        "w": 126,
        "h": 68
      },
      "sourceSize": {
        "w": 130,
        "h": 88
      },
      "pivot": {
        "x": 0.5,
        "y": 0.5
      }
    },
    "Police": {
      "frame": {
        "x": 214,
        "y": 233,
        "w": 132,
        "h": 61
      },
      "rotated": false,
      "trimmed": true,
      "spriteSourceSize": {
        "x": 5,
        "y": 3,
        "w": 132,
        "h": 61
      },
      "sourceSize": {
        "w": 144,
        "h": 66
      },
      "pivot": {
        "x": 0.5,
        "y": 0.5
      }
    },
    "Sentinel": {
      "frame": {
        "x": 214,
        "y": 300,
        "w": 135,
        "h": 59
      },
      "rotated": false,
      "trimmed": true,
      "spriteSourceSize": {
        "x": 3,
        "y": 0,
        "w": 135,
        "h": 59
      },
      "sourceSize": {
        "w": 144,
        "h": 66
      },
      "pivot": {
        "x": 0.5,
        "y": 0.5
      }
    },
    "Infernus": {
      "frame": {
        "x": 335,
        "y": 80,
        "w": 137,
        "h": 57
      },
      "rotated": false,
      "trimmed": true,
      "spriteSourceSize": {
        "x": 3,
        "y": 0,
        "w": 137,
        "h": 57
      },
      "sourceSize": {
        "w": 144,
        "h": 64
      },
      "pivot": {
        "x": 0.5,
        "y": 0.5
      }
    },
    "Stallion": {
      "frame": {
        "x": 354,
        "y": 3,
        "w": 132,
        "h": 57
      },
      "rotated": false,
      "trimmed": true,
      "spriteSourceSize": {
        "x": 4,
        "y": 1,
        "w": 132,
        "h": 57
      },
      "sourceSize": {
        "w": 144,
        "h": 64
      },
      "pivot": {
        "x": 0.5,
        "y": 0.5
      }
    },
    "Perennial": {
      "frame": {
        "x": 343,
        "y": 143,
        "w": 127,
        "h": 57
      },
      "rotated": false,
      "trimmed": true,
      "spriteSourceSize": {
        "x": 5,
        "y": 1,
        "w": 127,
        "h": 57
      },
      "sourceSize": {
        "w": 135,
        "h": 64
      },
      "pivot": {
        "x": 0.5,
        "y": 0.5
      }
    },
    "Kuruma": {
      "frame": {
        "x": 352,
        "y": 206,
        "w": 131,
        "h": 55
      },
      "rotated": false,
      "trimmed": true,
      "spriteSourceSize": {
        "x": 0,
        "y": 4,
        "w": 131,
        "h": 55
      },
      "sourceSize": {
        "w": 135,
        "h": 66
      },
      "pivot": {
        "x": 0.5,
        "y": 0.5
      }
    },
    "Bobcat": {
      "frame": {
        "x": 355,
        "y": 267,
        "w": 122,
        "h": 57
      },
      "rotated": false,
      "trimmed": true,
      "spriteSourceSize": {
        "x": 7,
        "y": 1,
        "w": 122,
        "h": 57
      },
      "sourceSize": {
        "w": 137,
        "h": 64
      },
      "pivot": {
        "x": 0.5,
        "y": 0.5
      }
    },
    "Banshee": {
      "frame": {
        "x": 64,
        "y": 311,
        "w": 119,
        "h": 53
      },
      "rotated": false,
      "trimmed": true,
      "spriteSourceSize": {
        "x": 8,
        "y": 3,
        "w": 119,
        "h": 53
      },
      "sourceSize": {
        "w": 135,
        "h": 64
      },
      "pivot": {
        "x": 0.5,
        "y": 0.5
      }
    }
  },
  "meta": {
    "app": "http://free-tex-packer.com",
    "version": "0.6.5",
    "image": "cars.png",
    "format": "RGBA8888",
    "size": {
      "w": 489,
      "h": 368
    },
    "scale": 1
  }
}