{
  "frames": {
    "Dying02": {
      "frame": {
        "x": 3,
        "y": 3,
        "w": 88,
        "h": 107
      },
      "rotated": false,
      "trimmed": true,
      "spriteSourceSize": {
        "x": 1,
        "y": 0,
        "w": 88,
        "h": 107
      },
      "sourceSize": {
        "w": 96,
        "h": 112
      },
      "pivot": {
        "x": 0.5,
        "y": 0.5
      }
    },
    "Dying01": {
      "frame": {
        "x": 97,
        "y": 3,
        "w": 60,
        "h": 67
      },
      "rotated": false,
      "trimmed": true,
      "spriteSourceSize": {
        "x": 6,
        "y": 15,
        "w": 60,
        "h": 67
      },
      "sourceSize": {
        "w": 73,
        "h": 87
      },
      "pivot": {
        "x": 0.5,
        "y": 0.5
      }
    }
  },
  "meta": {
    "app": "http://free-tex-packer.com",
    "version": "0.6.5",
    "image": "dying.png",
    "format": "RGBA8888",
    "size": {
      "w": 160,
      "h": 113
    },
    "scale": 1
  }
}