{
  "frames": {
    "Idle": {
      "frame": {
        "x": 3,
        "y": 3,
        "w": 32,
        "h": 57
      },
      "rotated": false,
      "trimmed": true,
      "spriteSourceSize": {
        "x": 10,
        "y": 2,
        "w": 32,
        "h": 57
      },
      "sourceSize": {
        "w": 48,
        "h": 64
      },
      "pivot": {
        "x": 0.5,
        "y": 0.5
      }
    }
  },
  "meta": {
    "app": "http://free-tex-packer.com",
    "version": "0.6.5",
    "image": "idle.png",
    "format": "RGBA8888",
    "size": {
      "w": 38,
      "h": 63
    },
    "scale": 1
  }
}