{
  "frames": {
    "jtalogo": {
      "frame": {
        "x": 0,
        "y": 0,
        "w": 345,
        "h": 192
      },
      "rotated": false,
      "trimmed": false,
      "spriteSourceSize": {
        "x": 0,
        "y": 0,
        "w": 345,
        "h": 192
      },
      "sourceSize": {
        "w": 345,
        "h": 192
      },
      "pivot": {
        "x": 0.5,
        "y": 0.5
      }
    }
  },
  "meta": {
    "app": "http://free-tex-packer.com",
    "version": "0.6.6",
    "image": "jtalogo.png",
    "format": "RGBA8888",
    "size": {
      "w": 345,
      "h": 192
    },
    "scale": 1
  }
}