{
  "frames": {
    "life.png": {
      "frame": {
        "x": 0,
        "y": 0,
        "w": 759,
        "h": 712
      },
      "rotated": false,
      "trimmed": true,
      "spriteSourceSize": {
        "x": 25,
        "y": 53,
        "w": 759,
        "h": 712
      },
      "sourceSize": {
        "w": 800,
        "h": 800
      },
      "pivot": {
        "x": 0.5,
        "y": 0.5
      }
    }
  },
  "meta": {
    "app": "http://free-tex-packer.com",
    "version": "0.6.6",
    "image": "life.png",
    "format": "RGBA8888",
    "size": {
      "w": 759,
      "h": 712
    },
    "scale": 1
  }
}