{
  "frames": {
    "Punch04": {
      "frame": {
        "x": 3,
        "y": 3,
        "w": 111,
        "h": 49
      },
      "rotated": false,
      "trimmed": false,
      "spriteSourceSize": {
        "x": 0,
        "y": 0,
        "w": 111,
        "h": 49
      },
      "sourceSize": {
        "w": 111,
        "h": 49
      },
      "pivot": {
        "x": 0.5,
        "y": 0.5
      }
    },
    "Punch03": {
      "frame": {
        "x": 3,
        "y": 58,
        "w": 67,
        "h": 60
      },
      "rotated": false,
      "trimmed": true,
      "spriteSourceSize": {
        "x": 3,
        "y": 3,
        "w": 67,
        "h": 60
      },
      "sourceSize": {
        "w": 72,
        "h": 64
      },
      "pivot": {
        "x": 0.5,
        "y": 0.5
      }
    },
    "Punch01": {
      "frame": {
        "x": 76,
        "y": 58,
        "w": 59,
        "h": 41
      },
      "rotated": false,
      "trimmed": true,
      "spriteSourceSize": {
        "x": 0,
        "y": 8,
        "w": 59,
        "h": 41
      },
      "sourceSize": {
        "w": 64,
        "h": 64
      },
      "pivot": {
        "x": 0.5,
        "y": 0.5
      }
    },
    "Punch02": {
      "frame": {
        "x": 120,
        "y": 3,
        "w": 57,
        "h": 41
      },
      "rotated": false,
      "trimmed": true,
      "spriteSourceSize": {
        "x": 4,
        "y": 9,
        "w": 57,
        "h": 41
      },
      "sourceSize": {
        "w": 64,
        "h": 64
      },
      "pivot": {
        "x": 0.5,
        "y": 0.5
      }
    }
  },
  "meta": {
    "app": "http://free-tex-packer.com",
    "version": "0.6.5",
    "image": "punch.png",
    "format": "RGBA8888",
    "size": {
      "w": 180,
      "h": 121
    },
    "scale": 1
  }
}