{
  "frames": {
    "Walking02": {
      "frame": {
        "x": 3,
        "y": 3,
        "w": 57,
        "h": 51
      },
      "rotated": false,
      "trimmed": true,
      "spriteSourceSize": {
        "x": 2,
        "y": 5,
        "w": 57,
        "h": 51
      },
      "sourceSize": {
        "w": 63,
        "h": 57
      },
      "pivot": {
        "x": 0.5,
        "y": 0.5
      }
    },
    "Walking05": {
      "frame": {
        "x": 3,
        "y": 60,
        "w": 57,
        "h": 51
      },
      "rotated": false,
      "trimmed": true,
      "spriteSourceSize": {
        "x": 5,
        "y": 1,
        "w": 57,
        "h": 51
      },
      "sourceSize": {
        "w": 64,
        "h": 57
      },
      "pivot": {
        "x": 0.5,
        "y": 0.5
      }
    },
    "Walking01": {
      "frame": {
        "x": 66,
        "y": 3,
        "w": 57,
        "h": 50
      },
      "rotated": false,
      "trimmed": true,
      "spriteSourceSize": {
        "x": 2,
        "y": 2,
        "w": 57,
        "h": 50
      },
      "sourceSize": {
        "w": 63,
        "h": 57
      },
      "pivot": {
        "x": 0.5,
        "y": 0.5
      }
    },
    "Walking04": {
      "frame": {
        "x": 66,
        "y": 59,
        "w": 57,
        "h": 50
      },
      "rotated": false,
      "trimmed": true,
      "spriteSourceSize": {
        "x": 3,
        "y": 3,
        "w": 57,
        "h": 50
      },
      "sourceSize": {
        "w": 63,
        "h": 57
      },
      "pivot": {
        "x": 0.5,
        "y": 0.5
      }
    },
    "Walking03": {
      "frame": {
        "x": 66,
        "y": 115,
        "w": 32,
        "h": 57
      },
      "rotated": false,
      "trimmed": true,
      "spriteSourceSize": {
        "x": 5,
        "y": 1,
        "w": 32,
        "h": 57
      },
      "sourceSize": {
        "w": 39,
        "h": 64
      },
      "pivot": {
        "x": 0.5,
        "y": 0.5
      }
    }
  },
  "meta": {
    "app": "http://free-tex-packer.com",
    "version": "0.6.5",
    "image": "walking.png",
    "format": "RGBA8888",
    "size": {
      "w": 126,
      "h": 175
    },
    "scale": 1
  }
}