{
  "frames": {
    "zombieWalking1": {
      "frame": {
        "x": 0,
        "y": 0,
        "w": 63,
        "h": 58
      },
      "rotated": false,
      "trimmed": false,
      "spriteSourceSize": {
        "x": 0,
        "y": 0,
        "w": 63,
        "h": 58
      },
      "sourceSize": {
        "w": 63,
        "h": 58
      },
      "pivot": {
        "x": 0.5,
        "y": 0.5
      }
    },
    "zombieWalking2": {
      "frame": {
        "x": 63,
        "y": 0,
        "w": 62,
        "h": 58
      },
      "rotated": false,
      "trimmed": false,
      "spriteSourceSize": {
        "x": 0,
        "y": 0,
        "w": 62,
        "h": 58
      },
      "sourceSize": {
        "w": 62,
        "h": 58
      },
      "pivot": {
        "x": 0.5,
        "y": 0.5
      }
    },
    "zombieWalking3": {
      "frame": {
        "x": 0,
        "y": 58,
        "w": 63,
        "h": 56
      },
      "rotated": false,
      "trimmed": false,
      "spriteSourceSize": {
        "x": 0,
        "y": 0,
        "w": 63,
        "h": 56
      },
      "sourceSize": {
        "w": 63,
        "h": 56
      },
      "pivot": {
        "x": 0.5,
        "y": 0.5
      }
    },
    "zombieWalking4": {
      "frame": {
        "x": 125,
        "y": 0,
        "w": 63,
        "h": 56
      },
      "rotated": false,
      "trimmed": false,
      "spriteSourceSize": {
        "x": 0,
        "y": 0,
        "w": 63,
        "h": 56
      },
      "sourceSize": {
        "w": 63,
        "h": 56
      },
      "pivot": {
        "x": 0.5,
        "y": 0.5
      }
    }
  },
  "meta": {
    "app": "http://free-tex-packer.com",
    "version": "0.6.6",
    "image": "zombieWalking.png",
    "format": "RGBA8888",
    "size": {
      "w": 188,
      "h": 114
    },
    "scale": 1
  }
}